{"cameraMode":{"drawMode":0,"name":"Shaded","section":"Shading Mode"},"sceneLighting":false,"audioPlay":false,"sceneViewState":{"m_AlwaysRefresh":true,"showFog":true,"showSkybox":false,"showFlares":true,"showImageEffects":true,"showParticleSystems":true,"showVisualEffectGraphs":true,"m_FxEnabled":true},"in2DMode":false,"pivot":{"x":-0.3999999165534973,"y":0.5689999461174011,"z":-0.40000009536743166},"rotation":{"x":-0.08720407634973526,"y":-0.9121034741401672,"z":0.26421284675598147,"w":-0.30115553736686709},"size":1.5243886709213257,"orthographic":false}