{"cameraMode":{"drawMode":0,"name":"Shaded","section":"Shading Mode"},"sceneLighting":false,"audioPlay":false,"sceneViewState":{"m_AlwaysRefresh":true,"showFog":true,"showSkybox":false,"showFlares":true,"showImageEffects":true,"showParticleSystems":true,"showVisualEffectGraphs":true,"m_FxEnabled":true},"in2DMode":false,"pivot":{"x":0.0005812644958496094,"y":0.801328182220459,"z":-0.002034306526184082},"rotation":{"x":0.10590343922376633,"y":0.8165127635002136,"z":-0.15867798030376435,"w":0.5449168086051941},"size":4.888607025146484,"orthographic":false}