{"cameraMode":{"drawMode":0,"name":"Shaded","section":"Shading Mode"},"sceneLighting":false,"audioPlay":false,"sceneViewState":{"m_AlwaysRefresh":true,"showFog":true,"showSkybox":false,"showFlares":true,"showImageEffects":true,"showParticleSystems":true,"showVisualEffectGraphs":true,"m_FxEnabled":true},"in2DMode":false,"pivot":{"x":217.85426330566407,"y":18.627262115478517,"z":-126.1251449584961},"rotation":{"x":-0.10960210114717484,"y":-0.8399044871330261,"z":0.18468892574310304,"w":-0.49843549728393557},"size":16.27157211303711,"orthographic":false}