{"cameraMode":{"drawMode":0,"name":"Shaded","section":"Shading Mode"},"sceneLighting":true,"audioPlay":false,"sceneViewState":{"m_AlwaysRefresh":true,"showFog":true,"showSkybox":true,"showFlares":true,"showImageEffects":true,"showParticleSystems":true,"showVisualEffectGraphs":true,"m_FxEnabled":true},"in2DMode":false,"pivot":{"x":215.89950561523438,"y":2.13047456741333,"z":-22.300018310546876},"rotation":{"x":-0.00819599349051714,"y":0.9732472896575928,"z":-0.03499314561486244,"w":-0.22705356776714326},"size":17.911582946777345,"orthographic":true}